<?xml version="1.0" encoding="UTF-8" standalone="no"?><RNAdb><AAAA id="0"><A>-1.5451774444795623</A><C>-0.0</C><G>-0.0</G><U>-0.0</U></AAAA><CCCC id="1"><A>-0.0</A><C>-1.5451774444795623</C><G>-0.0</G><U>-0.0</U></CCCC><GGGG id="2"><A>-0.0</A><C>-0.0</C><G>-1.5451774444795623</G><U>-0.0</U></GGGG><AAAG id="3"><A>-1.1588830833596717</A><C>-0.0</C><G>-0.3862943611198906</G><U>-0.0</U></AAAG><AAAC id="4"><A>-1.1588830833596717</A><C>-0.3862943611198906</C><G>-0.0</G><U>-0.0</U></AAAC><AAAR id="5"><A>-1.352030263919617</A><C>-0.0</C><G>-0.1931471805599453</G><U>-0.0</U></AAAR><AAGG id="6"><A>-0.7725887222397811</A><C>-0.0</C><G>-0.7725887222397811</G><U>-0.0</U></AAGG><AACC id="7"><A>-0.7725887222397811</A><C>-0.7725887222397811</C><G>-0.0</G><U>-0.0</U></AACC></RNAdb>